query_annot,query_label,query_url,rank,neighbor_annot,neighbor_label,neighbor_url,distance
2562748,,,1,48faa86aa,,48faa86aa.jpg,0.20101964473724365
2562748,,https://www.inaturalist.org/photos/2562748,2,1467eb17c,,1467eb17c.jpg,0.21151608228683472
2562748,,https://www.inaturalist.org/photos/2562748,3,f104b0e52,,f104b0e52.jpg,0.22051799297332764
5026362,,https://www.inaturalist.org/photos/5026362,1,4fd6d24f5,,4fd6d24f5.jpg,0.1789853572845459
5026362,,https://www.inaturalist.org/photos/5026362,2,f157ddd53,,f157ddd53.jpg,0.4166203737258911
5026362,,https://www.inaturalist.org/photos/5026362,3,698817b38,,698817b38.jpg,0.4443501830101013
6743055,,https://www.inaturalist.org/photos/6743055,1,fc54d12aa,,fc54d12aa.jpg,0.4286801815032959
6743055,,https://www.inaturalist.org/photos/6743055,2,c025fed82,,c025fed82.jpg,0.44449925422668457
6743055,,https://www.inaturalist.org/photos/6743055,3,0dcf2fcf0,,0dcf2fcf0.jpg,0.45171457529067993
7535543,,https://www.inaturalist.org/photos/7535543,1,3705756bc,,3705756bc.jpg,0.2721594572067261
7535543,,https://www.inaturalist.org/photos/7535543,2,21bd9ddf4,,21bd9ddf4.jpg,0.3293316960334778
7535543,,https://www.inaturalist.org/photos/7535543,3,5edbbabc5,,5edbbabc5.jpg,0.35117650032043457
7535547,,https://www.inaturalist.org/photos/7535547,1,d77d97b9f,,d77d97b9f.jpg,0.28548645973205566
7535547,,https://www.inaturalist.org/photos/7535547,2,fe336c1d4,,fe336c1d4.jpg,0.31315886974334717
7535547,,https://www.inaturalist.org/photos/7535547,3,cb0f204be,,cb0f204be.jpg,0.390633761882782
7535549,,https://www.inaturalist.org/photos/7535549,1,fe336c1d4,,fe336c1d4.jpg,0.13592451810836792
7535549,,https://www.inaturalist.org/photos/7535549,2,d77d97b9f,,d77d97b9f.jpg,0.19908428192138672
7535549,,https://www.inaturalist.org/photos/7535549,3,c98246175,,c98246175.jpg,0.3011770248413086
8533457,,https://www.inaturalist.org/photos/8533457,1,62b62d95e,,62b62d95e.jpg,0.21178698539733887
8533457,,https://www.inaturalist.org/photos/8533457,2,00ccb53ec,,00ccb53ec.jpg,0.2900141477584839
8533457,,https://www.inaturalist.org/photos/8533457,3,b2928ff63,,b2928ff63.jpg,0.29467809200286865
8533470,,https://www.inaturalist.org/photos/8533470,1,df07477d3,,df07477d3.jpg,0.14677250385284424
8533470,,https://www.inaturalist.org/photos/8533470,2,7fb338aa0,,7fb338aa0.jpg,0.17685139179229736
8533470,,https://www.inaturalist.org/photos/8533470,3,34b486a84,,34b486a84.jpg,0.19796830415725708
10106537,,https://www.inaturalist.org/photos/10106537,1,0179e07f2,,0179e07f2.jpg,0.22733354568481445
10106537,,https://www.inaturalist.org/photos/10106537,2,9c6ea2573,,9c6ea2573.jpg,0.5893440842628479
10106537,,https://www.inaturalist.org/photos/10106537,3,d074090da,,d074090da.jpg,0.5955638289451599
16335765,,https://www.inaturalist.org/photos/16335765,1,d14c4714a,,d14c4714a.jpg,0.14773869514465332
16335765,,https://www.inaturalist.org/photos/16335765,2,d51a9f9e4,,d51a9f9e4.jpg,0.16558843851089478
16335765,,https://www.inaturalist.org/photos/16335765,3,4bfe3d0d0,,4bfe3d0d0.jpg,0.17481017112731934
16335779,,https://www.inaturalist.org/photos/16335779,1,208b8e125,,208b8e125.jpg,0.07599687576293945
16335779,,https://www.inaturalist.org/photos/16335779,2,a8151fe7c,,a8151fe7c.jpg,0.09011584520339966
16335779,,https://www.inaturalist.org/photos/16335779,3,120105235,,120105235.jpg,0.09313786029815674
18695138,,https://www.inaturalist.org/photos/18695138,1,300cf57a9,,300cf57a9.jpg,0.14716452360153198
18695138,,https://www.inaturalist.org/photos/18695138,2,7dda85fa3,,7dda85fa3.jpg,0.15310347080230713
18695138,,https://www.inaturalist.org/photos/18695138,3,39348b162,,39348b162.jpg,0.21907001733779907
19269432,,https://www.inaturalist.org/photos/19269432,1,af775bf1d,,af775bf1d.jpg,0.49740904569625854
19269432,,https://www.inaturalist.org/photos/19269432,2,6a54990f0,,6a54990f0.jpg,0.516318142414093
19269432,,https://www.inaturalist.org/photos/19269432,3,8a6fff4ff,,8a6fff4ff.jpg,0.5191444158554077
25128302,,https://www.inaturalist.org/photos/25128302,1,71418eab9,,71418eab9.jpg,0.4172183871269226
25128302,,https://www.inaturalist.org/photos/25128302,2,a4290c7c2,,a4290c7c2.jpg,0.41764718294143677
25128302,,https://www.inaturalist.org/photos/25128302,3,29b9ba9b5,,29b9ba9b5.jpg,0.42560452222824097
26077575,,https://www.inaturalist.org/photos/26077575,1,d77d97b9f,,d77d97b9f.jpg,0.42231494188308716
26077575,,https://www.inaturalist.org/photos/26077575,2,f9307592c,,f9307592c.jpg,0.42976152896881104
26077575,,https://www.inaturalist.org/photos/26077575,3,aadafc09e,,aadafc09e.jpg,0.4381858706474304
26077591,,https://www.inaturalist.org/photos/26077591,1,3671adf0d,,3671adf0d.jpg,0.1674795150756836
26077591,,https://www.inaturalist.org/photos/26077591,2,73182b3e5,,73182b3e5.jpg,0.19324266910552979
26077591,,https://www.inaturalist.org/photos/26077591,3,0ba05e099,,0ba05e099.jpg,0.19909071922302246
31660240,,https://www.inaturalist.org/photos/31660240,1,44567f3b5,,44567f3b5.jpg,0.4384331703186035
31660240,,https://www.inaturalist.org/photos/31660240,2,000f0f2bf,,000f0f2bf.jpg,0.4409925937652588
31660240,,https://www.inaturalist.org/photos/31660240,3,eef7017b5,,eef7017b5.jpg,0.4451393485069275
42972893,,https://www.inaturalist.org/photos/42972893,1,ef3f5329a,,ef3f5329a.jpg,0.12277770042419434
42972893,,https://www.inaturalist.org/photos/42972893,2,144812b75,,144812b75.jpg,0.1406092643737793
42972893,,https://www.inaturalist.org/photos/42972893,3,f6ceb1151,,f6ceb1151.jpg,0.17595022916793823
43994072,,https://www.inaturalist.org/photos/43994072,1,82d7754a9,,82d7754a9.jpg,0.35787415504455566
43994072,,https://www.inaturalist.org/photos/43994072,2,adf2052e7,,adf2052e7.jpg,0.36606287956237793
43994072,,https://www.inaturalist.org/photos/43994072,3,0ebeadd21,,0ebeadd21.jpg,0.381994366645813
44083325,,https://www.inaturalist.org/photos/44083325,1,774f9b712,,774f9b712.jpg,0.17984455823898315
44083325,,https://www.inaturalist.org/photos/44083325,2,3bb8b5522,,3bb8b5522.jpg,0.21316367387771606
44083325,,https://www.inaturalist.org/photos/44083325,3,6d5986b1d,,6d5986b1d.jpg,0.35403865575790405
44982644,,https://www.inaturalist.org/photos/44982644,1,fe0adcf44,,fe0adcf44.jpg,0.19489705562591553
44982644,,https://www.inaturalist.org/photos/44982644,2,a07de7444,,a07de7444.jpg,0.2872600555419922
44982644,,https://www.inaturalist.org/photos/44982644,3,c94465f32,,c94465f32.jpg,0.28784263134002686
47180590,,https://www.inaturalist.org/photos/47180590,1,562e97ded,,562e97ded.jpg,0.1946374773979187
47180590,,https://www.inaturalist.org/photos/47180590,2,1bb486b25,,1bb486b25.jpg,0.21848565340042114
47180590,,https://www.inaturalist.org/photos/47180590,3,a5152b724,,a5152b724.jpg,0.25852179527282715
49106441,,https://www.inaturalist.org/photos/49106441,1,5f4c98e03,,5f4c98e03.jpg,0.457334041595459
49106441,,https://www.inaturalist.org/photos/49106441,2,8922e7b49,,8922e7b49.jpg,0.46402204036712646
49106441,,https://www.inaturalist.org/photos/49106441,3,30558cc79,,30558cc79.jpg,0.47787564992904663
49327463,,https://www.inaturalist.org/photos/49327463,1,ab65a3974,,ab65a3974.jpg,0.3717910051345825
49327463,,https://www.inaturalist.org/photos/49327463,2,1da636904,,1da636904.jpg,0.42870306968688965
49327463,,https://www.inaturalist.org/photos/49327463,3,56850b285,,56850b285.jpg,0.45611417293548584
49327468,,https://www.inaturalist.org/photos/49327468,1,ab65a3974,,ab65a3974.jpg,0.22539305686950684
49327468,,https://www.inaturalist.org/photos/49327468,2,0648b2a7c,,0648b2a7c.jpg,0.4212435483932495
49327468,,https://www.inaturalist.org/photos/49327468,3,56850b285,,56850b285.jpg,0.4297600984573364
50530248,,https://www.inaturalist.org/photos/50530248,1,c1c1d87f8,,c1c1d87f8.jpg,0.45017653703689575
50530248,,https://www.inaturalist.org/photos/50530248,2,470462ede,,470462ede.jpg,0.4614499807357788
50530248,,https://www.inaturalist.org/photos/50530248,3,4268fd0b3,,4268fd0b3.jpg,0.48544102907180786
52396599,,https://www.inaturalist.org/photos/52396599,1,cff957eb6,,cff957eb6.jpg,0.5148522257804871
52396599,,https://www.inaturalist.org/photos/52396599,2,e65f62572,,e65f62572.jpg,0.520224928855896
52396599,,https://www.inaturalist.org/photos/52396599,3,909cf2f40,,909cf2f40.jpg,0.5261077284812927
53948037,,https://www.inaturalist.org/photos/53948037,1,045793afd,,045793afd.jpg,0.4640830159187317
53948037,,https://www.inaturalist.org/photos/53948037,2,f2b203bf5,,f2b203bf5.jpg,0.4793442487716675
53948037,,https://www.inaturalist.org/photos/53948037,3,6b6c74cc4,,6b6c74cc4.jpg,0.4811009168624878
53948039,,https://www.inaturalist.org/photos/53948039,1,f957f0c09,,f957f0c09.jpg,0.4312509298324585
53948039,,https://www.inaturalist.org/photos/53948039,2,a9a10e0a7,,a9a10e0a7.jpg,0.45088517665863037
53948039,,https://www.inaturalist.org/photos/53948039,3,3e01007d7,,3e01007d7.jpg,0.4546428322792053
54750364,,https://www.inaturalist.org/photos/54750364,1,9d6e1a0a0,,9d6e1a0a0.jpg,0.4556443691253662
54750364,,https://www.inaturalist.org/photos/54750364,2,73e55a9c1,,73e55a9c1.jpg,0.4574727416038513
54750364,,https://www.inaturalist.org/photos/54750364,3,00ff45291,,00ff45291.jpg,0.4653164744377136
57436627,,https://www.inaturalist.org/photos/57436627,1,4720d309f,,4720d309f.jpg,0.22204917669296265
57436627,,https://www.inaturalist.org/photos/57436627,2,6745a10cc,,6745a10cc.jpg,0.4294288754463196
57436627,,https://www.inaturalist.org/photos/57436627,3,80688ae3b,,80688ae3b.jpg,0.4306885004043579
64084465,,https://www.inaturalist.org/photos/64084465,1,946d3c5b9,,946d3c5b9.jpg,0.2649896740913391
64084465,,https://www.inaturalist.org/photos/64084465,2,cbaab239b,,cbaab239b.jpg,0.3517090678215027
64084465,,https://www.inaturalist.org/photos/64084465,3,6b57225c1,,6b57225c1.jpg,0.37592607736587524
64084466,,https://www.inaturalist.org/photos/64084466,1,3700b446a,,3700b446a.jpg,0.21753448247909546
64084466,,https://www.inaturalist.org/photos/64084466,2,9c187f3b5,,9c187f3b5.jpg,0.42369550466537476
64084466,,https://www.inaturalist.org/photos/64084466,3,dd25cde53,,dd25cde53.jpg,0.4616272449493408
68170927,,https://www.inaturalist.org/photos/68170927,1,a7758e22d,,a7758e22d.jpg,0.27179664373397827
68170927,,https://www.inaturalist.org/photos/68170927,2,c5afe753c,,c5afe753c.jpg,0.2854006290435791
68170927,,https://www.inaturalist.org/photos/68170927,3,4b1222c82,,4b1222c82.jpg,0.3266708254814148
68556724,,https://www.inaturalist.org/photos/68556724,1,a1a3d6732,,a1a3d6732.jpg,0.3252016305923462
68556724,,https://www.inaturalist.org/photos/68556724,2,a7758e22d,,a7758e22d.jpg,0.33989524841308594
68556724,,https://www.inaturalist.org/photos/68556724,3,8a896e584,,8a896e584.jpg,0.35138678550720215
69020732,,https://www.inaturalist.org/photos/69020732,1,95fdf5246,,95fdf5246.jpg,0.38421839475631714
69020732,,https://www.inaturalist.org/photos/69020732,2,3ae4f50dc,,3ae4f50dc.jpg,0.4049645662307739
69020732,,https://www.inaturalist.org/photos/69020732,3,e5984dd97,,e5984dd97.jpg,0.4058064818382263
76775727,,https://www.inaturalist.org/photos/76775727,1,9fee9f8cc,,9fee9f8cc.jpg,0.4764241576194763
76775727,,https://www.inaturalist.org/photos/76775727,2,1d6982b48,,1d6982b48.jpg,0.483650803565979
76775727,,https://www.inaturalist.org/photos/76775727,3,f562bbd50,,f562bbd50.jpg,0.493116557598114
87761745,,https://www.inaturalist.org/photos/87761745,1,18f41137a,,18f41137a.jpg,0.4725498557090759
87761745,,https://www.inaturalist.org/photos/87761745,2,e53b15420,,e53b15420.jpg,0.4769579768180847
87761745,,https://www.inaturalist.org/photos/87761745,3,b1f4969e3,,b1f4969e3.jpg,0.49431049823760986
88794857,,https://www.inaturalist.org/photos/88794857,1,9fd04c006,,9fd04c006.jpg,0.4230446219444275
88794857,,https://www.inaturalist.org/photos/88794857,2,3d965654e,,3d965654e.jpg,0.4322943091392517
88794857,,https://www.inaturalist.org/photos/88794857,3,d145ce58c,,d145ce58c.jpg,0.45946186780929565
92221803,,https://www.inaturalist.org/photos/92221803,1,9cec3b867,,9cec3b867.jpg,0.41217029094696045
92221803,,https://www.inaturalist.org/photos/92221803,2,14940539a,,14940539a.jpg,0.42155003547668457
92221803,,https://www.inaturalist.org/photos/92221803,3,b1cb8b5ed,,b1cb8b5ed.jpg,0.42684662342071533
92221805,,https://www.inaturalist.org/photos/92221805,1,14940539a,,14940539a.jpg,0.3431330919265747
92221805,,https://www.inaturalist.org/photos/92221805,2,b1cb8b5ed,,b1cb8b5ed.jpg,0.36890363693237305
92221805,,https://www.inaturalist.org/photos/92221805,3,86574427e,,86574427e.jpg,0.3774309754371643
101669463,,https://www.inaturalist.org/photos/101669463,1,725507fdc,,725507fdc.jpg,0.4337947964668274
101669463,,https://www.inaturalist.org/photos/101669463,2,dfc82a095,,dfc82a095.jpg,0.442859411239624
101669463,,https://www.inaturalist.org/photos/101669463,3,b8ba4cc2a,,b8ba4cc2a.jpg,0.4437994956970215
102989605,,https://www.inaturalist.org/photos/102989605,1,c46400bd3,,c46400bd3.jpg,0.368191659450531
102989605,,https://www.inaturalist.org/photos/102989605,2,10f7fee6e,,10f7fee6e.jpg,0.3949126601219177
102989605,,https://www.inaturalist.org/photos/102989605,3,fb7d2f5e5,,fb7d2f5e5.jpg,0.39814746379852295
103198518,,https://www.inaturalist.org/photos/103198518,1,a60a3496e,,a60a3496e.jpg,0.45388108491897583
103198518,,https://www.inaturalist.org/photos/103198518,2,2f53e8505,,2f53e8505.jpg,0.46209603548049927
103198518,,https://www.inaturalist.org/photos/103198518,3,685abd81c,,685abd81c.jpg,0.4715331196784973
122329704,,https://www.inaturalist.org/photos/122329704,1,ec34dc292,,ec34dc292.jpg,0.37866294384002686
122329704,,https://www.inaturalist.org/photos/122329704,2,bb53b695f,,bb53b695f.jpg,0.39854031801223755
122329704,,https://www.inaturalist.org/photos/122329704,3,325403df0,,325403df0.jpg,0.39886945486068726
122330436,,https://www.inaturalist.org/photos/122330436,1,45470a1ba,,45470a1ba.jpg,0.4064561128616333
122330436,,https://www.inaturalist.org/photos/122330436,2,048243c9a,,048243c9a.jpg,0.4291585087776184
122330436,,https://www.inaturalist.org/photos/122330436,3,fe12b5a4c,,fe12b5a4c.jpg,0.43102210760116577
127618134,,https://www.inaturalist.org/photos/127618134,1,120105235,,120105235.jpg,0.10906916856765747
127618134,,https://www.inaturalist.org/photos/127618134,2,a8151fe7c,,a8151fe7c.jpg,0.14262282848358154
127618134,,https://www.inaturalist.org/photos/127618134,3,208b8e125,,208b8e125.jpg,0.15485256910324097
133150276,,https://www.inaturalist.org/photos/133150276,1,6619bec59,,6619bec59.jpg,0.19490623474121094
133150276,,https://www.inaturalist.org/photos/133150276,2,39339394c,,39339394c.jpg,0.36404895782470703
133150276,,https://www.inaturalist.org/photos/133150276,3,26013fcb5,,26013fcb5.jpg,0.3845459222793579
137172635,,https://www.inaturalist.org/photos/137172635,1,d4e2a1b48,,d4e2a1b48.jpg,0.3625749945640564
137172635,,https://www.inaturalist.org/photos/137172635,2,ae998ab36,,ae998ab36.jpg,0.37525224685668945
137172635,,https://www.inaturalist.org/photos/137172635,3,0aba2f75b,,0aba2f75b.jpg,0.3767794966697693
145273260,,https://www.inaturalist.org/photos/145273260,1,c894aa718,,c894aa718.jpg,0.3268807530403137
145273260,,https://www.inaturalist.org/photos/145273260,2,40a20374b,,40a20374b.jpg,0.4463985562324524
145273260,,https://www.inaturalist.org/photos/145273260,3,a30ad6ffa,,a30ad6ffa.jpg,0.45388150215148926
146527190,,https://www.inaturalist.org/photos/146527190,1,6f8c84ab6,,6f8c84ab6.jpg,0.22745269536972046
146527190,,https://www.inaturalist.org/photos/146527190,2,9c3f5971d,,9c3f5971d.jpg,0.2977028489112854
146527190,,https://www.inaturalist.org/photos/146527190,3,4d0113291,,4d0113291.jpg,0.32150721549987793
148342618,,https://www.inaturalist.org/photos/148342618,1,11f1f53fb,,11f1f53fb.jpg,0.19624847173690796
148342618,,https://www.inaturalist.org/photos/148342618,2,9a6a08ec6,,9a6a08ec6.jpg,0.23783576488494873
148342618,,https://www.inaturalist.org/photos/148342618,3,d8dd7c977,,d8dd7c977.jpg,0.24195992946624756
148342705,,https://www.inaturalist.org/photos/148342705,1,2ff7687ea,,2ff7687ea.jpg,0.2370399832725525
148342705,,https://www.inaturalist.org/photos/148342705,2,03bcfbafc,,03bcfbafc.jpg,0.3084416389465332
148342705,,https://www.inaturalist.org/photos/148342705,3,4001c34cb,,4001c34cb.jpg,0.3491499423980713
148635887,,https://www.inaturalist.org/photos/148635887,1,d8dd7c977,,d8dd7c977.jpg,0.17054671049118042
148635887,,https://www.inaturalist.org/photos/148635887,2,11f1f53fb,,11f1f53fb.jpg,0.19501924514770508
148635887,,https://www.inaturalist.org/photos/148635887,3,9a6a08ec6,,9a6a08ec6.jpg,0.20987534523010254
149021093,,https://www.inaturalist.org/photos/149021093,1,2ff7687ea,,2ff7687ea.jpg,0.2472802996635437
149021093,,https://www.inaturalist.org/photos/149021093,2,03bcfbafc,,03bcfbafc.jpg,0.2767332196235657
149021093,,https://www.inaturalist.org/photos/149021093,3,2d183c062,,2d183c062.jpg,0.3231041431427002
149021114,,https://www.inaturalist.org/photos/149021114,1,2ff7687ea,,2ff7687ea.jpg,0.20029538869857788
149021114,,https://www.inaturalist.org/photos/149021114,2,03bcfbafc,,03bcfbafc.jpg,0.271565318107605
149021114,,https://www.inaturalist.org/photos/149021114,3,eed85338a,,eed85338a.jpg,0.3103969693183899
154509317,,https://www.inaturalist.org/photos/154509317,1,f940213d6,,f940213d6.jpg,0.32954567670822144
154509317,,https://www.inaturalist.org/photos/154509317,2,777c8095e,,777c8095e.jpg,0.3334197402000427
154509317,,https://www.inaturalist.org/photos/154509317,3,4fa74b975,,4fa74b975.jpg,0.3359375596046448
154509320,,https://www.inaturalist.org/photos/154509320,1,4fa74b975,,4fa74b975.jpg,0.38641875982284546
154509320,,https://www.inaturalist.org/photos/154509320,2,3e2b870e5,,3e2b870e5.jpg,0.39422518014907837
154509320,,https://www.inaturalist.org/photos/154509320,3,777c8095e,,777c8095e.jpg,0.39796000719070435
155958369,,https://www.inaturalist.org/photos/155958369,1,886403bf2,,886403bf2.jpg,0.28897374868392944
155958369,,https://www.inaturalist.org/photos/155958369,2,d5b30fcb4,,d5b30fcb4.jpg,0.4392498731613159
155958369,,https://www.inaturalist.org/photos/155958369,3,8f0df9840,,8f0df9840.jpg,0.44613176584243774
155988192,,https://www.inaturalist.org/photos/155988192,1,886403bf2,,886403bf2.jpg,0.33803772926330566
155988192,,https://www.inaturalist.org/photos/155988192,2,ff8f416ec,,ff8f416ec.jpg,0.43643683195114136
155988192,,https://www.inaturalist.org/photos/155988192,3,ece47f123,,ece47f123.jpg,0.4366987943649292
158478940,,https://www.inaturalist.org/photos/158478940,1,6449aa341,,6449aa341.jpg,0.45876872539520264
158478940,,https://www.inaturalist.org/photos/158478940,2,6380d9ab6,,6380d9ab6.jpg,0.45966196060180664
158478940,,https://www.inaturalist.org/photos/158478940,3,f86f50633,,f86f50633.jpg,0.46061354875564575
158478975,,https://www.inaturalist.org/photos/158478975,1,d2d047631,,d2d047631.jpg,0.09648370742797852
158478975,,https://www.inaturalist.org/photos/158478975,2,d87ef5404,,d87ef5404.jpg,0.1058686375617981
158478975,,https://www.inaturalist.org/photos/158478975,3,67ac575c0,,67ac575c0.jpg,0.12131273746490479
158479068,,https://www.inaturalist.org/photos/158479068,1,e789f8192,,e789f8192.jpg,0.5299104452133179
158479068,,https://www.inaturalist.org/photos/158479068,2,c2babd6be,,c2babd6be.jpg,0.5489324331283569
158479068,,https://www.inaturalist.org/photos/158479068,3,2f8ff881e,,2f8ff881e.jpg,0.552321195602417
162130205,,https://www.inaturalist.org/photos/162130205,1,a8151fe7c,,a8151fe7c.jpg,0.40044349431991577
162130205,,https://www.inaturalist.org/photos/162130205,2,660ce1b74,,660ce1b74.jpg,0.4283994436264038
162130205,,https://www.inaturalist.org/photos/162130205,3,208b8e125,,208b8e125.jpg,0.4316677451133728
168045431,,https://www.inaturalist.org/photos/168045431,1,da8469f0a,,da8469f0a.jpg,0.4500729441642761
168045431,,https://www.inaturalist.org/photos/168045431,2,48a937823,,48a937823.jpg,0.45205438137054443
168045431,,https://www.inaturalist.org/photos/168045431,3,df9b418d6,,df9b418d6.jpg,0.4532337188720703
168045448,,https://www.inaturalist.org/photos/168045448,1,93d741888,,93d741888.jpg,0.4318438768386841
168045448,,https://www.inaturalist.org/photos/168045448,2,a3cd1ebfa,,a3cd1ebfa.jpg,0.4601353406906128
168045448,,https://www.inaturalist.org/photos/168045448,3,12035e558,,12035e558.jpg,0.4687628746032715
168218838,,https://www.inaturalist.org/photos/168218838,1,6d47d0ac2,,6d47d0ac2.jpg,0.46183377504348755
168218838,,https://www.inaturalist.org/photos/168218838,2,da8469f0a,,da8469f0a.jpg,0.46718811988830566
168218838,,https://www.inaturalist.org/photos/168218838,3,6694282fc,,6694282fc.jpg,0.47658437490463257
173435914,,https://www.inaturalist.org/photos/173435914,1,2e94f6d4f,,2e94f6d4f.jpg,0.38858121633529663
173435914,,https://www.inaturalist.org/photos/173435914,2,0108c3e2b,,0108c3e2b.jpg,0.4021834135055542
173435914,,https://www.inaturalist.org/photos/173435914,3,a6d724425,,a6d724425.jpg,0.42309021949768066
175619399,,https://www.inaturalist.org/photos/175619399,1,e8699c33b,,e8699c33b.jpg,0.4036378860473633
175619399,,https://www.inaturalist.org/photos/175619399,2,d5b30fcb4,,d5b30fcb4.jpg,0.4090041518211365
175619399,,https://www.inaturalist.org/photos/175619399,3,cd3afe416,,cd3afe416.jpg,0.445914626121521
179777344,,https://www.inaturalist.org/photos/179777344,1,e2b6b121f,,e2b6b121f.jpg,0.4941069483757019
179777344,,https://www.inaturalist.org/photos/179777344,2,adfed28d2,,adfed28d2.jpg,0.5189054012298584
179777344,,https://www.inaturalist.org/photos/179777344,3,25229aa3d,,25229aa3d.jpg,0.5361132025718689
179777375,,https://www.inaturalist.org/photos/179777375,1,e2b6b121f,,e2b6b121f.jpg,0.4941069483757019
179777375,,https://www.inaturalist.org/photos/179777375,2,adfed28d2,,adfed28d2.jpg,0.5189054012298584
179777375,,https://www.inaturalist.org/photos/179777375,3,25229aa3d,,25229aa3d.jpg,0.5361132025718689
181351671,,https://www.inaturalist.org/photos/181351671,1,8266b2312,,8266b2312.jpg,0.38732391595840454
181351671,,https://www.inaturalist.org/photos/181351671,2,be36659b0,,be36659b0.jpg,0.38928550481796265
181351671,,https://www.inaturalist.org/photos/181351671,3,8e4772233,,8e4772233.jpg,0.40229612588882446
181351708,,https://www.inaturalist.org/photos/181351708,1,19d965038,,19d965038.jpg,0.37577611207962036
181351708,,https://www.inaturalist.org/photos/181351708,2,0d94bdad3,,0d94bdad3.jpg,0.38548821210861206
181351708,,https://www.inaturalist.org/photos/181351708,3,be36659b0,,be36659b0.jpg,0.3919259309768677
191637854,,https://www.inaturalist.org/photos/191637854,1,53e0acb09,,53e0acb09.jpg,0.46603280305862427
191637854,,https://www.inaturalist.org/photos/191637854,2,e172ccaff,,e172ccaff.jpg,0.4680538773536682
191637854,,https://www.inaturalist.org/photos/191637854,3,7b5bbedc8,,7b5bbedc8.jpg,0.46971678733825684
193706743,,https://www.inaturalist.org/photos/193706743,1,2eceef6f9,,2eceef6f9.jpg,0.4406614303588867
193706743,,https://www.inaturalist.org/photos/193706743,2,2ea572181,,2ea572181.jpg,0.4465363621711731
193706743,,https://www.inaturalist.org/photos/193706743,3,ce152cd34,,ce152cd34.jpg,0.4472430944442749
196728076,,https://www.inaturalist.org/photos/196728076,1,4b4c65d30,,4b4c65d30.jpg,0.4053769111633301
196728076,,https://www.inaturalist.org/photos/196728076,2,6041dd0af,,6041dd0af.jpg,0.4077860713005066
196728076,,https://www.inaturalist.org/photos/196728076,3,0304d1ea3,,0304d1ea3.jpg,0.41335511207580566
197124017,,https://www.inaturalist.org/photos/197124017,1,9d17b7e54,,9d17b7e54.jpg,0.3825356960296631
197124017,,https://www.inaturalist.org/photos/197124017,2,02518df7d,,02518df7d.jpg,0.3852565884590149
197124017,,https://www.inaturalist.org/photos/197124017,3,78d5e2fd9,,78d5e2fd9.jpg,0.3970496654510498
197132628,,https://www.inaturalist.org/photos/197132628,1,9cec3b867,,9cec3b867.jpg,0.2879067659378052
197132628,,https://www.inaturalist.org/photos/197132628,2,5dd5ce07a,,5dd5ce07a.jpg,0.29842692613601685
197132628,,https://www.inaturalist.org/photos/197132628,3,7e7ea91d6,,7e7ea91d6.jpg,0.31596195697784424
197271936,,https://www.inaturalist.org/photos/197271936,1,99755231f,,99755231f.jpg,0.35035353899002075
197271936,,https://www.inaturalist.org/photos/197271936,2,4fc8991f1,,4fc8991f1.jpg,0.3922107219696045
197271936,,https://www.inaturalist.org/photos/197271936,3,ba68eb0e1,,ba68eb0e1.jpg,0.39518028497695923
197272437,,https://www.inaturalist.org/photos/197272437,1,94ce03243,,94ce03243.jpg,0.49882179498672485
197272437,,https://www.inaturalist.org/photos/197272437,2,34e8dab92,,34e8dab92.jpg,0.5136116743087769
197272437,,https://www.inaturalist.org/photos/197272437,3,5cf0e6ebc,,5cf0e6ebc.jpg,0.5162868499755859
197272854,,https://www.inaturalist.org/photos/197272854,1,e7727e96f,,e7727e96f.jpg,0.3838039040565491
197272854,,https://www.inaturalist.org/photos/197272854,2,3b29e4b8c,,3b29e4b8c.jpg,0.3914274573326111
197272854,,https://www.inaturalist.org/photos/197272854,3,1b2e8ad8a,,1b2e8ad8a.jpg,0.3989303708076477
201703028,,https://www.inaturalist.org/photos/201703028,1,8ae0aa409,,8ae0aa409.jpg,0.4267960786819458
201703028,,https://www.inaturalist.org/photos/201703028,2,acab09b31,,acab09b31.jpg,0.4473463296890259
201703028,,https://www.inaturalist.org/photos/201703028,3,315a569d5,,315a569d5.jpg,0.4551733732223511
201704105,,https://www.inaturalist.org/photos/201704105,1,acab09b31,,acab09b31.jpg,0.4438561201095581
201704105,,https://www.inaturalist.org/photos/201704105,2,62ee33c5d,,62ee33c5d.jpg,0.4553520083427429
201704105,,https://www.inaturalist.org/photos/201704105,3,898211608,,898211608.jpg,0.4557225704193115
201708172,,https://www.inaturalist.org/photos/201708172,1,daff04567,,daff04567.jpg,0.42323893308639526
201708172,,https://www.inaturalist.org/photos/201708172,2,fde1d29f0,,fde1d29f0.jpg,0.47222739458084106
201708172,,https://www.inaturalist.org/photos/201708172,3,c3d9faf46,,c3d9faf46.jpg,0.47251296043395996
207001521,,https://www.inaturalist.org/photos/207001521,1,78d5e2fd9,,78d5e2fd9.jpg,0.4271113872528076
207001521,,https://www.inaturalist.org/photos/207001521,2,afba8b43a,,afba8b43a.jpg,0.43274450302124023
207001521,,https://www.inaturalist.org/photos/207001521,3,05ff833b9,,05ff833b9.jpg,0.45840370655059814
211310484,,https://www.inaturalist.org/photos/211310484,1,d20ed62c2,,d20ed62c2.jpg,0.26883846521377563
211310484,,https://www.inaturalist.org/photos/211310484,2,a8046cd00,,a8046cd00.jpg,0.3478967547416687
211310484,,https://www.inaturalist.org/photos/211310484,3,1430e449d,,1430e449d.jpg,0.3950616121292114
217789277,,https://www.inaturalist.org/photos/217789277,1,afc72b500,,afc72b500.jpg,0.45138996839523315
217789277,,https://www.inaturalist.org/photos/217789277,2,f88843c4a,,f88843c4a.jpg,0.47649991512298584
217789277,,https://www.inaturalist.org/photos/217789277,3,b855302bd,,b855302bd.jpg,0.5098668336868286
218631428,,https://www.inaturalist.org/photos/218631428,1,8534e36e4,,8534e36e4.jpg,0.34124165773391724
218631428,,https://www.inaturalist.org/photos/218631428,2,14cdeacf0,,14cdeacf0.jpg,0.43595731258392334
218631428,,https://www.inaturalist.org/photos/218631428,3,b33dca676,,b33dca676.jpg,0.4541427493095398
227052902,,https://www.inaturalist.org/photos/227052902,1,0a3e0cc22,,0a3e0cc22.jpg,0.45208024978637695
227052902,,https://www.inaturalist.org/photos/227052902,2,f45033a67,,f45033a67.jpg,0.46889013051986694
227052902,,https://www.inaturalist.org/photos/227052902,3,513f4e7d0,,513f4e7d0.jpg,0.47436678409576416
232490651,,https://www.inaturalist.org/photos/232490651,1,efd361174,,efd361174.jpg,0.3220697045326233
232490651,,https://www.inaturalist.org/photos/232490651,2,51dc4ed6c,,51dc4ed6c.jpg,0.3382355570793152
232490651,,https://www.inaturalist.org/photos/232490651,3,c484470a0,,c484470a0.jpg,0.34232866764068604
237093485,,https://www.inaturalist.org/photos/237093485,1,b6d2eb464,,b6d2eb464.jpg,0.41044074296951294
237093485,,https://www.inaturalist.org/photos/237093485,2,190c21f91,,190c21f91.jpg,0.43022996187210083
237093485,,https://www.inaturalist.org/photos/237093485,3,67bd03f6b,,67bd03f6b.jpg,0.4360221028327942
237093496,,https://www.inaturalist.org/photos/237093496,1,6745a10cc,,6745a10cc.jpg,0.40878379344940186
237093496,,https://www.inaturalist.org/photos/237093496,2,01043c88f,,01043c88f.jpg,0.42737847566604614
237093496,,https://www.inaturalist.org/photos/237093496,3,5a4013c51,,5a4013c51.jpg,0.43897950649261475
237194195,,https://www.inaturalist.org/photos/237194195,1,96e82e03f,,96e82e03f.jpg,0.2654072642326355
237194195,,https://www.inaturalist.org/photos/237194195,2,5bc63a847,,5bc63a847.jpg,0.3013359308242798
237194195,,https://www.inaturalist.org/photos/237194195,3,fa9699838,,fa9699838.jpg,0.4276633858680725
237934796,,https://www.inaturalist.org/photos/237934796,1,051f7bd26,,051f7bd26.jpg,0.47373586893081665
237934796,,https://www.inaturalist.org/photos/237934796,2,7cf3fc270,,7cf3fc270.jpg,0.49263936281204224
237934796,,https://www.inaturalist.org/photos/237934796,3,9d17b7e54,,9d17b7e54.jpg,0.49354708194732666
237934923,,https://www.inaturalist.org/photos/237934923,1,b2c2c3911,,b2c2c3911.jpg,0.44846755266189575
237934923,,https://www.inaturalist.org/photos/237934923,2,3ab1ebbfe,,3ab1ebbfe.jpg,0.4602872133255005
237934923,,https://www.inaturalist.org/photos/237934923,3,1feec7ec5,,1feec7ec5.jpg,0.4638144373893738
238223549,,https://www.inaturalist.org/photos/238223549,1,8342515a4,,8342515a4.jpg,0.4125492572784424
238223549,,https://www.inaturalist.org/photos/238223549,2,24ce41308,,24ce41308.jpg,0.4439244866371155
238223549,,https://www.inaturalist.org/photos/238223549,3,d6809155b,,d6809155b.jpg,0.462479829788208
242385420,,https://www.inaturalist.org/photos/242385420,1,b851af780,,b851af780.jpg,0.17429643869400024
242385420,,https://www.inaturalist.org/photos/242385420,2,0dcf2fcf0,,0dcf2fcf0.jpg,0.4878789186477661
242385420,,https://www.inaturalist.org/photos/242385420,3,9ffe018e0,,9ffe018e0.jpg,0.49536383152008057
242385504,,https://www.inaturalist.org/photos/242385504,1,b851af780,,b851af780.jpg,0.2381051778793335
242385504,,https://www.inaturalist.org/photos/242385504,2,038f6e50f,,038f6e50f.jpg,0.5003512501716614
242385504,,https://www.inaturalist.org/photos/242385504,3,2ccaab956,,2ccaab956.jpg,0.5019189119338989
242462892,,https://www.inaturalist.org/photos/242462892,1,b84b778ad,,b84b778ad.jpg,0.3917461633682251
242462892,,https://www.inaturalist.org/photos/242462892,2,75548589e,,75548589e.jpg,0.4813421368598938
242462892,,https://www.inaturalist.org/photos/242462892,3,6ce806022,,6ce806022.jpg,0.5030215382575989
242549577,,https://www.inaturalist.org/photos/242549577,1,c10243faa,,c10243faa.jpg,0.4500662684440613
242549577,,https://www.inaturalist.org/photos/242549577,2,72b9ba939,,72b9ba939.jpg,0.46494781970977783
242549577,,https://www.inaturalist.org/photos/242549577,3,b1d9a6bfd,,b1d9a6bfd.jpg,0.4664495587348938
242878991,,https://www.inaturalist.org/photos/242878991,1,2668dbb5b,,2668dbb5b.jpg,0.4277213215827942
242878991,,https://www.inaturalist.org/photos/242878991,2,c0a142467,,c0a142467.jpg,0.46178072690963745
242878991,,https://www.inaturalist.org/photos/242878991,3,22c83058a,,22c83058a.jpg,0.4620460271835327
242879210,,https://www.inaturalist.org/photos/242879210,1,17a37bb0e,,17a37bb0e.jpg,0.1704811453819275
242879210,,https://www.inaturalist.org/photos/242879210,2,116ea423c,,116ea423c.jpg,0.2740766406059265
242879210,,https://www.inaturalist.org/photos/242879210,3,86be3cb18,,86be3cb18.jpg,0.33319294452667236
248117322,,https://www.inaturalist.org/photos/248117322,1,260ae61ca,,260ae61ca.jpg,0.4704607129096985
248117322,,https://www.inaturalist.org/photos/248117322,2,c797aaf28,,c797aaf28.jpg,0.47415006160736084
248117322,,https://www.inaturalist.org/photos/248117322,3,3419056f2,,3419056f2.jpg,0.48337721824645996
249771527,,https://www.inaturalist.org/photos/249771527,1,2fd41857f,,2fd41857f.jpg,0.4417566657066345
249771527,,https://www.inaturalist.org/photos/249771527,2,0fff6f428,,0fff6f428.jpg,0.45298802852630615
249771527,,https://www.inaturalist.org/photos/249771527,3,11d39fc43,,11d39fc43.jpg,0.4742656946182251
253844240,,https://www.inaturalist.org/photos/253844240,1,4ae47dea6,,4ae47dea6.jpg,0.4138457775115967
253844240,,https://www.inaturalist.org/photos/253844240,2,a2ce0c446,,a2ce0c446.jpg,0.4151275157928467
253844240,,https://www.inaturalist.org/photos/253844240,3,691a42d86,,691a42d86.jpg,0.43407678604125977
255691299,,https://www.inaturalist.org/photos/255691299,1,affd82415,,affd82415.jpg,0.4879624843597412
255691299,,https://www.inaturalist.org/photos/255691299,2,0d26567b4,,0d26567b4.jpg,0.4977051615715027
255691299,,https://www.inaturalist.org/photos/255691299,3,60d747ae2,,60d747ae2.jpg,0.5109221339225769
260056458,,https://www.inaturalist.org/photos/260056458,1,1876ff23d,,1876ff23d.jpg,0.41190552711486816
260056458,,https://www.inaturalist.org/photos/260056458,2,b15a36613,,b15a36613.jpg,0.41715502738952637
260056458,,https://www.inaturalist.org/photos/260056458,3,a0609b3a0,,a0609b3a0.jpg,0.4266459345817566
279214135,,https://www.inaturalist.org/photos/279214135,1,96e82e03f,,96e82e03f.jpg,0.5105775594711304
279214135,,https://www.inaturalist.org/photos/279214135,2,e6d8597ab,,e6d8597ab.jpg,0.5144999623298645
279214135,,https://www.inaturalist.org/photos/279214135,3,e02f5be83,,e02f5be83.jpg,0.5237480401992798
279214156,,https://www.inaturalist.org/photos/279214156,1,9db233c9c,,9db233c9c.jpg,0.5454554557800293
279214156,,https://www.inaturalist.org/photos/279214156,2,96e82e03f,,96e82e03f.jpg,0.5638700723648071
279214156,,https://www.inaturalist.org/photos/279214156,3,275e244d2,,275e244d2.jpg,0.5656312704086304
295512582,,https://www.inaturalist.org/photos/295512582,1,fe61af9b1,,fe61af9b1.jpg,0.374269962310791
295512582,,https://www.inaturalist.org/photos/295512582,2,b40100cdc,,b40100cdc.jpg,0.40589696168899536
295512582,,https://www.inaturalist.org/photos/295512582,3,f3f5a91a0,,f3f5a91a0.jpg,0.42188209295272827
295911261,,https://www.inaturalist.org/photos/295911261,1,4fa74b975,,4fa74b975.jpg,0.33381617069244385
295911261,,https://www.inaturalist.org/photos/295911261,2,83145fd08,,83145fd08.jpg,0.35849207639694214
295911261,,https://www.inaturalist.org/photos/295911261,3,3e30c12f5,,3e30c12f5.jpg,0.3741244077682495
299293083,,https://www.inaturalist.org/photos/299293083,1,d3f6762be,,d3f6762be.jpg,0.44806039333343506
299293083,,https://www.inaturalist.org/photos/299293083,2,6c3e180c8,,6c3e180c8.jpg,0.4489922523498535
299293083,,https://www.inaturalist.org/photos/299293083,3,c9005e6a5,,c9005e6a5.jpg,0.449088990688324
302533741,,https://www.inaturalist.org/photos/302533741,1,193a9dcd2,,193a9dcd2.jpg,0.38120341300964355
302533741,,https://www.inaturalist.org/photos/302533741,2,3941141df,,3941141df.jpg,0.3829047679901123
302533741,,https://www.inaturalist.org/photos/302533741,3,b4fb769f6,,b4fb769f6.jpg,0.3961961269378662
312506589,,https://www.inaturalist.org/photos/312506589,1,f940213d6,,f940213d6.jpg,0.3298681378364563
312506589,,https://www.inaturalist.org/photos/312506589,2,88521f913,,88521f913.jpg,0.3407706022262573
312506589,,https://www.inaturalist.org/photos/312506589,3,86574427e,,86574427e.jpg,0.34829068183898926
314453326,,https://www.inaturalist.org/photos/314453326,1,651711175,,651711175.jpg,0.4570222496986389
314453326,,https://www.inaturalist.org/photos/314453326,2,00eaedfab,,00eaedfab.jpg,0.4868037700653076
314453326,,https://www.inaturalist.org/photos/314453326,3,11d39fc43,,11d39fc43.jpg,0.4944402575492859
316996741,,https://www.inaturalist.org/photos/316996741,1,fd4df87d4,,fd4df87d4.jpg,0.17669475078582764
316996741,,https://www.inaturalist.org/photos/316996741,2,a371acd02,,a371acd02.jpg,0.19260650873184204
316996741,,https://www.inaturalist.org/photos/316996741,3,865ad6b17,,865ad6b17.jpg,0.20103687047958374
317488189,,https://www.inaturalist.org/photos/317488189,1,c403395bd,,c403395bd.jpg,0.369376540184021
317488189,,https://www.inaturalist.org/photos/317488189,2,82d7754a9,,82d7754a9.jpg,0.3725462555885315
317488189,,https://www.inaturalist.org/photos/317488189,3,553464bbb,,553464bbb.jpg,0.373738169670105
322617846,,https://www.inaturalist.org/photos/322617846,1,187f8e3b0,,187f8e3b0.jpg,0.2566112279891968
322617846,,https://www.inaturalist.org/photos/322617846,2,a968a1f70,,a968a1f70.jpg,0.43556028604507446
322617846,,https://www.inaturalist.org/photos/322617846,3,644a37c7f,,644a37c7f.jpg,0.47682785987854004
324627650,,https://www.inaturalist.org/photos/324627650,1,70fa2acc3,,70fa2acc3.jpg,0.48329001665115356
324627650,,https://www.inaturalist.org/photos/324627650,2,5a41395ad,,5a41395ad.jpg,0.4859904646873474
324627650,,https://www.inaturalist.org/photos/324627650,3,038ffb4ad,,038ffb4ad.jpg,0.48873066902160645
324627676,,https://www.inaturalist.org/photos/324627676,1,d9c3311da,,d9c3311da.jpg,0.3442087769508362
324627676,,https://www.inaturalist.org/photos/324627676,2,a6bd26662,,a6bd26662.jpg,0.4683153033256531
324627676,,https://www.inaturalist.org/photos/324627676,3,a6413ea56,,a6413ea56.jpg,0.4722275733947754
324656317,,https://www.inaturalist.org/photos/324656317,1,cc318387b,,cc318387b.jpg,0.4701763987541199
324656317,,https://www.inaturalist.org/photos/324656317,2,2c1a6c05c,,2c1a6c05c.jpg,0.4811270833015442
324656317,,https://www.inaturalist.org/photos/324656317,3,ae2f2024a,,ae2f2024a.jpg,0.4888108968734741
324656553,,https://www.inaturalist.org/photos/324656553,1,97b6c672e,,97b6c672e.jpg,0.5174329280853271
324656553,,https://www.inaturalist.org/photos/324656553,2,a62b75d6d,,a62b75d6d.jpg,0.5327591896057129
324656553,,https://www.inaturalist.org/photos/324656553,3,b64addbab,,b64addbab.jpg,0.5329169631004333
324827094,,https://www.inaturalist.org/photos/324827094,1,b7b72adef,,b7b72adef.jpg,0.4374240040779114
324827094,,https://www.inaturalist.org/photos/324827094,2,9fee9f8cc,,9fee9f8cc.jpg,0.439954936504364
324827094,,https://www.inaturalist.org/photos/324827094,3,1da636904,,1da636904.jpg,0.4544503092765808
324827512,,https://www.inaturalist.org/photos/324827512,1,8763b0ca0,,8763b0ca0.jpg,0.4165155291557312
324827512,,https://www.inaturalist.org/photos/324827512,2,364f75bf0,,364f75bf0.jpg,0.4251391887664795
324827512,,https://www.inaturalist.org/photos/324827512,3,1de24ec5c,,1de24ec5c.jpg,0.4330889582633972
327225531,,https://www.inaturalist.org/photos/327225531,1,a5c28eb0e,,a5c28eb0e.jpg,0.44452106952667236
327225531,,https://www.inaturalist.org/photos/327225531,2,97a53ee82,,97a53ee82.jpg,0.5059654712677002
327225531,,https://www.inaturalist.org/photos/327225531,3,fe8ecddc7,,fe8ecddc7.jpg,0.51242995262146
338139019,,https://www.inaturalist.org/photos/338139019,1,dda166076,,dda166076.jpg,0.4917333126068115
338139019,,https://www.inaturalist.org/photos/338139019,2,20ea08cb5,,20ea08cb5.jpg,0.49923020601272583
338139019,,https://www.inaturalist.org/photos/338139019,3,18e7fbe34,,18e7fbe34.jpg,0.5015634298324585
338915404,,https://www.inaturalist.org/photos/338915404,1,be3983957,,be3983957.jpg,0.40253639221191406
338915404,,https://www.inaturalist.org/photos/338915404,2,9473fd838,,9473fd838.jpg,0.4232977628707886
338915404,,https://www.inaturalist.org/photos/338915404,3,5fe2f85db,,5fe2f85db.jpg,0.42509031295776367
345466477,,https://www.inaturalist.org/photos/345466477,1,a94f79dcd,,a94f79dcd.jpg,0.21644383668899536
345466477,,https://www.inaturalist.org/photos/345466477,2,173c9dffd,,173c9dffd.jpg,0.4163086414337158
345466477,,https://www.inaturalist.org/photos/345466477,3,10a91f629,,10a91f629.jpg,0.43221569061279297
347913899,,https://www.inaturalist.org/photos/347913899,1,4d20f8b0b,,4d20f8b0b.jpg,0.1649366021156311
347913899,,https://www.inaturalist.org/photos/347913899,2,f2d8e6588,,f2d8e6588.jpg,0.21574485301971436
347913899,,https://www.inaturalist.org/photos/347913899,3,94e6511eb,,94e6511eb.jpg,0.22283947467803955
351954859,,https://www.inaturalist.org/photos/351954859,1,6802020c8,,6802020c8.jpg,0.38490939140319824
351954859,,https://www.inaturalist.org/photos/351954859,2,5cf14e31d,,5cf14e31d.jpg,0.4170635938644409
351954859,,https://www.inaturalist.org/photos/351954859,3,b20e66aa4,,b20e66aa4.jpg,0.4254821538925171
357812479,,https://www.inaturalist.org/photos/357812479,1,04622e32d,,04622e32d.jpg,0.4396907091140747
357812479,,https://www.inaturalist.org/photos/357812479,2,96eca4957,,96eca4957.jpg,0.45334017276763916
357812479,,https://www.inaturalist.org/photos/357812479,3,85cad52ac,,85cad52ac.jpg,0.46069008111953735
366842408,,https://www.inaturalist.org/photos/366842408,1,abeb1cad6,,abeb1cad6.jpg,0.41703373193740845
366842408,,https://www.inaturalist.org/photos/366842408,2,23c89cd09,,23c89cd09.jpg,0.42657262086868286
366842408,,https://www.inaturalist.org/photos/366842408,3,b04014d8d,,b04014d8d.jpg,0.44886094331741333
368935253,,https://www.inaturalist.org/photos/368935253,1,299ed188c,,299ed188c.jpg,0.38847512006759644
368935253,,https://www.inaturalist.org/photos/368935253,2,282b4fa2a,,282b4fa2a.jpg,0.40974968671798706
368935253,,https://www.inaturalist.org/photos/368935253,3,6b7d944fc,,6b7d944fc.jpg,0.4102650284767151
385772384,,https://www.inaturalist.org/photos/385772384,1,e3abe8153,,e3abe8153.jpg,0.1719161868095398
385772384,,https://www.inaturalist.org/photos/385772384,2,2bece1295,,2bece1295.jpg,0.17340940237045288
385772384,,https://www.inaturalist.org/photos/385772384,3,33ea4b366,,33ea4b366.jpg,0.2505783438682556
386301885,,https://www.inaturalist.org/photos/386301885,1,8772902f8,,8772902f8.jpg,0.38690871000289917
386301885,,https://www.inaturalist.org/photos/386301885,2,19d965038,,19d965038.jpg,0.3968411684036255
386301885,,https://www.inaturalist.org/photos/386301885,3,6fa763eba,,6fa763eba.jpg,0.3997194170951843
390183117,,https://www.inaturalist.org/photos/390183117,1,b0995dbf5,,b0995dbf5.jpg,0.48503297567367554
390183117,,https://www.inaturalist.org/photos/390183117,2,834023841,,834023841.jpg,0.49353188276290894
390183117,,https://www.inaturalist.org/photos/390183117,3,1e1a2f354,,1e1a2f354.jpg,0.4977684020996094
394125881,,https://www.inaturalist.org/photos/394125881,1,3db0abc03,,3db0abc03.jpg,0.44274425506591797
394125881,,https://www.inaturalist.org/photos/394125881,2,961b8314d,,961b8314d.jpg,0.4606483578681946
394125881,,https://www.inaturalist.org/photos/394125881,3,fce55cacd,,fce55cacd.jpg,0.47710227966308594
399626468,,https://www.inaturalist.org/photos/399626468,1,883a8ab8a,,883a8ab8a.jpg,0.42733269929885864
399626468,,https://www.inaturalist.org/photos/399626468,2,d7a1b6daf,,d7a1b6daf.jpg,0.4352920651435852
399626468,,https://www.inaturalist.org/photos/399626468,3,1b0ce8326,,1b0ce8326.jpg,0.4456722140312195
402958308,,https://www.inaturalist.org/photos/402958308,1,3db0abc03,,3db0abc03.jpg,0.42998141050338745
402958308,,https://www.inaturalist.org/photos/402958308,2,961b8314d,,961b8314d.jpg,0.44985973834991455
402958308,,https://www.inaturalist.org/photos/402958308,3,8f0f1cc3f,,8f0f1cc3f.jpg,0.4654621481895447
407026517,,https://www.inaturalist.org/photos/407026517,1,113fe3aff,,113fe3aff.jpg,0.4660184383392334
407026517,,https://www.inaturalist.org/photos/407026517,2,0a0148622,,0a0148622.jpg,0.47125244140625
407026517,,https://www.inaturalist.org/photos/407026517,3,acdad47c5,,acdad47c5.jpg,0.47488731145858765
408635531,,https://www.inaturalist.org/photos/408635531,1,8f0f1cc3f,,8f0f1cc3f.jpg,0.4405171275138855
408635531,,https://www.inaturalist.org/photos/408635531,2,3db0abc03,,3db0abc03.jpg,0.44465869665145874
408635531,,https://www.inaturalist.org/photos/408635531,3,961b8314d,,961b8314d.jpg,0.457558274269104
408994956,,https://www.inaturalist.org/photos/408994956,1,622ad6e32,,622ad6e32.jpg,0.4233711361885071
408994956,,https://www.inaturalist.org/photos/408994956,2,bf69d7456,,bf69d7456.jpg,0.45086878538131714
408994956,,https://www.inaturalist.org/photos/408994956,3,7d9ef1743,,7d9ef1743.jpg,0.45890188217163086
411273162,,https://www.inaturalist.org/photos/411273162,1,dcb676276,,dcb676276.jpg,0.43124574422836304
411273162,,https://www.inaturalist.org/photos/411273162,2,870dc1b06,,870dc1b06.jpg,0.4319413900375366
411273162,,https://www.inaturalist.org/photos/411273162,3,1f7999af0,,1f7999af0.jpg,0.43478238582611084
411834333,,https://www.inaturalist.org/photos/411834333,1,474473e3d,,474473e3d.jpg,0.3209211826324463
411834333,,https://www.inaturalist.org/photos/411834333,2,ca1c2932e,,ca1c2932e.jpg,0.33576464653015137
411834333,,https://www.inaturalist.org/photos/411834333,3,cf1a21909,,cf1a21909.jpg,0.34403061866760254
412948253,,https://www.inaturalist.org/photos/412948253,1,4c56d19cb,,4c56d19cb.jpg,0.41636842489242554
412948253,,https://www.inaturalist.org/photos/412948253,2,9d17b7e54,,9d17b7e54.jpg,0.42694830894470215
412948253,,https://www.inaturalist.org/photos/412948253,3,0108c3e2b,,0108c3e2b.jpg,0.43285274505615234
413070282,,https://www.inaturalist.org/photos/413070282,1,28906db3d,,28906db3d.jpg,0.18126022815704346
413070282,,https://www.inaturalist.org/photos/413070282,2,ed344e8e7,,ed344e8e7.jpg,0.2255239486694336
413070282,,https://www.inaturalist.org/photos/413070282,3,39e579120,,39e579120.jpg,0.41894251108169556
415993553,,https://www.inaturalist.org/photos/415993553,1,6244a77c0,,6244a77c0.jpg,0.4131612181663513
415993553,,https://www.inaturalist.org/photos/415993553,2,5c6a53c84,,5c6a53c84.jpg,0.41945379972457886
415993553,,https://www.inaturalist.org/photos/415993553,3,479672e98,,479672e98.jpg,0.4262019395828247
417831971,,https://www.inaturalist.org/photos/417831971,1,5c7d1788f,,5c7d1788f.jpg,0.5019630789756775
417831971,,https://www.inaturalist.org/photos/417831971,2,85d4af670,,85d4af670.jpg,0.5135070085525513
417831971,,https://www.inaturalist.org/photos/417831971,3,a6e8a96a7,,a6e8a96a7.jpg,0.51466965675354
427020471,,https://www.inaturalist.org/photos/427020471,1,e71a81f97,,e71a81f97.jpg,0.1982184648513794
427020471,,https://www.inaturalist.org/photos/427020471,2,2c13d9bce,,2c13d9bce.jpg,0.38497281074523926
427020471,,https://www.inaturalist.org/photos/427020471,3,d4e576cc7,,d4e576cc7.jpg,0.4087981581687927
429656470,,https://www.inaturalist.org/photos/429656470,1,32b9a1787,,32b9a1787.jpg,0.4743770956993103
429656470,,https://www.inaturalist.org/photos/429656470,2,d01d03a3b,,d01d03a3b.jpg,0.48026102781295776
429656470,,https://www.inaturalist.org/photos/429656470,3,acc4be4cb,,acc4be4cb.jpg,0.5004878640174866
429710663,,https://www.inaturalist.org/photos/429710663,1,532adde4c,,532adde4c.jpg,0.2660669684410095
429710663,,https://www.inaturalist.org/photos/429710663,2,0e4686b60,,0e4686b60.jpg,0.29963719844818115
429710663,,https://www.inaturalist.org/photos/429710663,3,ca7382332,,ca7382332.jpg,0.30603498220443726
431349707,,https://www.inaturalist.org/photos/431349707,1,e685da806,,e685da806.jpg,0.5031658411026001
431349707,,https://www.inaturalist.org/photos/431349707,2,8f0df9840,,8f0df9840.jpg,0.5085338354110718
431349707,,https://www.inaturalist.org/photos/431349707,3,b87bfeb81,,b87bfeb81.jpg,0.5144873261451721
443707328,,https://www.inaturalist.org/photos/443707328,1,486abd9f0,,486abd9f0.jpg,0.29957127571105957
443707328,,https://www.inaturalist.org/photos/443707328,2,ba0fad4a6,,ba0fad4a6.jpg,0.32437294721603394
443707328,,https://www.inaturalist.org/photos/443707328,3,0a0c1df99,,0a0c1df99.jpg,0.41313737630844116
