query_annot,query_label,query_url,rank,neighbor_annot,neighbor_label,neighbor_url,distance
173435914,,https://www.inaturalist.org/photos/173435914,2,0108c3e2b,,0108c3e2b.jpg,0.4021834135055542
412948253,,https://www.inaturalist.org/photos/412948253,3,0108c3e2b,,0108c3e2b.jpg,0.4328527450561523
148342705,,https://www.inaturalist.org/photos/148342705,2,03bcfbafc,,03bcfbafc.jpg,0.3084416389465332
149021093,,https://www.inaturalist.org/photos/149021093,2,03bcfbafc,,03bcfbafc.jpg,0.2767332196235657
149021114,,https://www.inaturalist.org/photos/149021114,2,03bcfbafc,,03bcfbafc.jpg,0.271565318107605
6743055,,https://www.inaturalist.org/photos/6743055,3,0dcf2fcf0,,0dcf2fcf0.jpg,0.4517145752906799
242385420,,https://www.inaturalist.org/photos/242385420,2,0dcf2fcf0,,0dcf2fcf0.jpg,0.4878789186477661
249771527,,https://www.inaturalist.org/photos/249771527,3,11d39fc43,,11d39fc43.jpg,0.4742656946182251
314453326,,https://www.inaturalist.org/photos/314453326,3,11d39fc43,,11d39fc43.jpg,0.4944402575492859
148342618,,https://www.inaturalist.org/photos/148342618,1,11f1f53fb,,11f1f53fb.jpg,0.1962484717369079
148635887,,https://www.inaturalist.org/photos/148635887,2,11f1f53fb,,11f1f53fb.jpg,0.195019245147705
16335779,,https://www.inaturalist.org/photos/16335779,3,120105235,,120105235.jpg,0.0931378602981567
127618134,,https://www.inaturalist.org/photos/127618134,1,120105235,,120105235.jpg,0.1090691685676574
92221803,,https://www.inaturalist.org/photos/92221803,2,14940539a,,14940539a.jpg,0.4215500354766845
92221805,,https://www.inaturalist.org/photos/92221805,1,14940539a,,14940539a.jpg,0.3431330919265747
181351708,,https://www.inaturalist.org/photos/181351708,1,19d965038,,19d965038.jpg,0.3757761120796203
386301885,,https://www.inaturalist.org/photos/386301885,2,19d965038,,19d965038.jpg,0.3968411684036255
49327463,,https://www.inaturalist.org/photos/49327463,2,1da636904,,1da636904.jpg,0.4287030696868896
324827094,,https://www.inaturalist.org/photos/324827094,3,1da636904,,1da636904.jpg,0.4544503092765808
16335779,,https://www.inaturalist.org/photos/16335779,1,208b8e125,,208b8e125.jpg,0.0759968757629394
127618134,,https://www.inaturalist.org/photos/127618134,3,208b8e125,,208b8e125.jpg,0.1548525691032409
162130205,,https://www.inaturalist.org/photos/162130205,3,208b8e125,,208b8e125.jpg,0.4316677451133728
179777344,,https://www.inaturalist.org/photos/179777344,3,25229aa3d,,25229aa3d.jpg,0.5361132025718689
179777375,,https://www.inaturalist.org/photos/179777375,3,25229aa3d,,25229aa3d.jpg,0.5361132025718689
148342705,,https://www.inaturalist.org/photos/148342705,1,2ff7687ea,,2ff7687ea.jpg,0.2370399832725525
149021093,,https://www.inaturalist.org/photos/149021093,1,2ff7687ea,,2ff7687ea.jpg,0.2472802996635437
149021114,,https://www.inaturalist.org/photos/149021114,1,2ff7687ea,,2ff7687ea.jpg,0.2002953886985778
394125881,,https://www.inaturalist.org/photos/394125881,1,3db0abc03,,3db0abc03.jpg,0.4427442550659179
402958308,,https://www.inaturalist.org/photos/402958308,1,3db0abc03,,3db0abc03.jpg,0.4299814105033874
408635531,,https://www.inaturalist.org/photos/408635531,2,3db0abc03,,3db0abc03.jpg,0.4446586966514587
154509317,,https://www.inaturalist.org/photos/154509317,3,4fa74b975,,4fa74b975.jpg,0.3359375596046448
154509320,,https://www.inaturalist.org/photos/154509320,1,4fa74b975,,4fa74b975.jpg,0.3864187598228454
295911261,,https://www.inaturalist.org/photos/295911261,1,4fa74b975,,4fa74b975.jpg,0.3338161706924438
49327463,,https://www.inaturalist.org/photos/49327463,3,56850b285,,56850b285.jpg,0.4561141729354858
49327468,,https://www.inaturalist.org/photos/49327468,3,56850b285,,56850b285.jpg,0.4297600984573364
57436627,,https://www.inaturalist.org/photos/57436627,2,6745a10cc,,6745a10cc.jpg,0.4294288754463196
237093496,,https://www.inaturalist.org/photos/237093496,1,6745a10cc,,6745a10cc.jpg,0.4087837934494018
154509317,,https://www.inaturalist.org/photos/154509317,2,777c8095e,,777c8095e.jpg,0.3334197402000427
154509320,,https://www.inaturalist.org/photos/154509320,3,777c8095e,,777c8095e.jpg,0.3979600071907043
197124017,,https://www.inaturalist.org/photos/197124017,3,78d5e2fd9,,78d5e2fd9.jpg,0.3970496654510498
207001521,,https://www.inaturalist.org/photos/207001521,1,78d5e2fd9,,78d5e2fd9.jpg,0.4271113872528076
43994072,,https://www.inaturalist.org/photos/43994072,1,82d7754a9,,82d7754a9.jpg,0.3578741550445556
317488189,,https://www.inaturalist.org/photos/317488189,2,82d7754a9,,82d7754a9.jpg,0.3725462555885315
92221805,,https://www.inaturalist.org/photos/92221805,3,86574427e,,86574427e.jpg,0.3774309754371643
312506589,,https://www.inaturalist.org/photos/312506589,3,86574427e,,86574427e.jpg,0.3482906818389892
155958369,,https://www.inaturalist.org/photos/155958369,1,886403bf2,,886403bf2.jpg,0.2889737486839294
155988192,,https://www.inaturalist.org/photos/155988192,1,886403bf2,,886403bf2.jpg,0.3380377292633056
155958369,,https://www.inaturalist.org/photos/155958369,3,8f0df9840,,8f0df9840.jpg,0.4461317658424377
431349707,,https://www.inaturalist.org/photos/431349707,2,8f0df9840,,8f0df9840.jpg,0.5085338354110718
402958308,,https://www.inaturalist.org/photos/402958308,3,8f0f1cc3f,,8f0f1cc3f.jpg,0.4654621481895447
408635531,,https://www.inaturalist.org/photos/408635531,1,8f0f1cc3f,,8f0f1cc3f.jpg,0.4405171275138855
394125881,,https://www.inaturalist.org/photos/394125881,2,961b8314d,,961b8314d.jpg,0.4606483578681946
402958308,,https://www.inaturalist.org/photos/402958308,2,961b8314d,,961b8314d.jpg,0.4498597383499145
408635531,,https://www.inaturalist.org/photos/408635531,3,961b8314d,,961b8314d.jpg,0.457558274269104
237194195,,https://www.inaturalist.org/photos/237194195,1,96e82e03f,,96e82e03f.jpg,0.2654072642326355
279214135,,https://www.inaturalist.org/photos/279214135,1,96e82e03f,,96e82e03f.jpg,0.5105775594711304
279214156,,https://www.inaturalist.org/photos/279214156,2,96e82e03f,,96e82e03f.jpg,0.5638700723648071
148342618,,https://www.inaturalist.org/photos/148342618,2,9a6a08ec6,,9a6a08ec6.jpg,0.2378357648849487
148635887,,https://www.inaturalist.org/photos/148635887,3,9a6a08ec6,,9a6a08ec6.jpg,0.2098753452301025
92221803,,https://www.inaturalist.org/photos/92221803,1,9cec3b867,,9cec3b867.jpg,0.4121702909469604
197132628,,https://www.inaturalist.org/photos/197132628,1,9cec3b867,,9cec3b867.jpg,0.2879067659378052
197124017,,https://www.inaturalist.org/photos/197124017,1,9d17b7e54,,9d17b7e54.jpg,0.3825356960296631
237934796,,https://www.inaturalist.org/photos/237934796,3,9d17b7e54,,9d17b7e54.jpg,0.4935470819473266
412948253,,https://www.inaturalist.org/photos/412948253,2,9d17b7e54,,9d17b7e54.jpg,0.4269483089447021
76775727,,https://www.inaturalist.org/photos/76775727,1,9fee9f8cc,,9fee9f8cc.jpg,0.4764241576194763
324827094,,https://www.inaturalist.org/photos/324827094,2,9fee9f8cc,,9fee9f8cc.jpg,0.439954936504364
68170927,,https://www.inaturalist.org/photos/68170927,1,a7758e22d,,a7758e22d.jpg,0.2717966437339782
68556724,,https://www.inaturalist.org/photos/68556724,2,a7758e22d,,a7758e22d.jpg,0.3398952484130859
16335779,,https://www.inaturalist.org/photos/16335779,2,a8151fe7c,,a8151fe7c.jpg,0.0901158452033996
127618134,,https://www.inaturalist.org/photos/127618134,2,a8151fe7c,,a8151fe7c.jpg,0.1426228284835815
162130205,,https://www.inaturalist.org/photos/162130205,1,a8151fe7c,,a8151fe7c.jpg,0.4004434943199157
49327463,,https://www.inaturalist.org/photos/49327463,1,ab65a3974,,ab65a3974.jpg,0.3717910051345825
49327468,,https://www.inaturalist.org/photos/49327468,1,ab65a3974,,ab65a3974.jpg,0.2253930568695068
201703028,,https://www.inaturalist.org/photos/201703028,2,acab09b31,,acab09b31.jpg,0.4473463296890259
201704105,,https://www.inaturalist.org/photos/201704105,1,acab09b31,,acab09b31.jpg,0.4438561201095581
179777344,,https://www.inaturalist.org/photos/179777344,2,adfed28d2,,adfed28d2.jpg,0.5189054012298584
179777375,,https://www.inaturalist.org/photos/179777375,2,adfed28d2,,adfed28d2.jpg,0.5189054012298584
92221803,,https://www.inaturalist.org/photos/92221803,3,b1cb8b5ed,,b1cb8b5ed.jpg,0.4268466234207153
92221805,,https://www.inaturalist.org/photos/92221805,2,b1cb8b5ed,,b1cb8b5ed.jpg,0.368903636932373
242385420,,https://www.inaturalist.org/photos/242385420,1,b851af780,,b851af780.jpg,0.1742964386940002
242385504,,https://www.inaturalist.org/photos/242385504,1,b851af780,,b851af780.jpg,0.2381051778793335
181351671,,https://www.inaturalist.org/photos/181351671,2,be36659b0,,be36659b0.jpg,0.3892855048179626
181351708,,https://www.inaturalist.org/photos/181351708,3,be36659b0,,be36659b0.jpg,0.3919259309768677
155958369,,https://www.inaturalist.org/photos/155958369,2,d5b30fcb4,,d5b30fcb4.jpg,0.4392498731613159
175619399,,https://www.inaturalist.org/photos/175619399,2,d5b30fcb4,,d5b30fcb4.jpg,0.4090041518211365
7535547,,https://www.inaturalist.org/photos/7535547,1,d77d97b9f,,d77d97b9f.jpg,0.2854864597320556
7535549,,https://www.inaturalist.org/photos/7535549,2,d77d97b9f,,d77d97b9f.jpg,0.1990842819213867
26077575,,https://www.inaturalist.org/photos/26077575,1,d77d97b9f,,d77d97b9f.jpg,0.4223149418830871
148342618,,https://www.inaturalist.org/photos/148342618,3,d8dd7c977,,d8dd7c977.jpg,0.2419599294662475
148635887,,https://www.inaturalist.org/photos/148635887,1,d8dd7c977,,d8dd7c977.jpg,0.1705467104911804
168045431,,https://www.inaturalist.org/photos/168045431,1,da8469f0a,,da8469f0a.jpg,0.4500729441642761
168218838,,https://www.inaturalist.org/photos/168218838,2,da8469f0a,,da8469f0a.jpg,0.4671881198883056
179777344,,https://www.inaturalist.org/photos/179777344,1,e2b6b121f,,e2b6b121f.jpg,0.4941069483757019
179777375,,https://www.inaturalist.org/photos/179777375,1,e2b6b121f,,e2b6b121f.jpg,0.4941069483757019
154509317,,https://www.inaturalist.org/photos/154509317,1,f940213d6,,f940213d6.jpg,0.3295456767082214
312506589,,https://www.inaturalist.org/photos/312506589,1,f940213d6,,f940213d6.jpg,0.3298681378364563
7535547,,https://www.inaturalist.org/photos/7535547,2,fe336c1d4,,fe336c1d4.jpg,0.3131588697433471
7535549,,https://www.inaturalist.org/photos/7535549,1,fe336c1d4,,fe336c1d4.jpg,0.1359245181083679
